Year,Country,Imports,Country Key,Iterating Key
1990,   Austria,1879.717004,1,1
1991,   Austria,2058.271005,1,2
1992,   Austria,2206.416005,1,3
1993,   Austria,1836.489002,1,4
1994,   Austria,1417.214004,1,5
1995,   Austria,1231.436001,1,6
1996,   Austria,1210.466006,1,7
1997,   Austria,1294.203406,1,8
1998,   Austria,1293.354106,1,9
1999,   Austria,1499.777011,1,10
2000,   Austria,1257.232892,1,11
2001,   Austria,1432.413588,1,12
2002,   Austria,1447.207389,1,13
2003,   Austria,1336.059588,1,14
2004,   Austria,1538.156191,1,15
2005,   Austria,1576.57893,1,16
2006,   Austria,1600.652025,1,17
2007,   Austria,1968.112699,1,18
2008,   Austria,1901.066696,1,19
2009,   Austria,1309.234032,1,20
2010,   Austria,1369.200299,1,21
2011,   Austria,1452.492905,1,22
2012,   Austria,1558.609366,1,23
2013,   Austria,1554.926951,1,24
2014,   Austria,1525.08108,1,25
2015,   Austria,1513.390286,1,26
2016,   Austria,1494.93856,1,27
2017,   Austria,1459.911532,1,28
2018,   Austria,1429.406832,1,29
2019,   Austria,1447.513664,1,30
1990,   Belgium,0,2,1
1991,   Belgium,0,2,2
1992,   Belgium,0,2,3
1993,   Belgium,0,2,4
1994,   Belgium,0,2,5
1995,   Belgium,0,2,6
1996,   Belgium,0,2,7
1997,   Belgium,0,2,8
1998,   Belgium,0,2,9
1999,   Belgium,3003.005512,2,10
2000,   Belgium,3490.615583,2,11
2001,   Belgium,3208.627181,2,12
2002,   Belgium,3792.172778,2,13
2003,   Belgium,3817.614025,2,14
2004,   Belgium,3968.304565,2,15
2005,   Belgium,4063.225076,2,16
2006,   Belgium,4604.683977,2,17
2007,   Belgium,4013.653412,2,18
2008,   Belgium,6792.086621,2,19
2009,   Belgium,5915.500588,2,20
2010,   Belgium,5923.729993,2,21
2011,   Belgium,5828.442382,2,22
2012,   Belgium,5668.231844,2,23
2013,   Belgium,5502.14364,2,24
2014,   Belgium,5211.749274,2,25
2015,   Belgium,5533.514206,2,26
2016,   Belgium,6052.170164,2,27
2017,   Belgium,5677.379139,2,28
2018,   Belgium,5742.253404,2,29
2019,   Belgium,6198.896527,2,30
1990,   Belgium/Luxembourg,2014.954017,3,1
1991,   Belgium/Luxembourg,1746.225019,3,2
1992,   Belgium/Luxembourg,1827.85102,3,3
1993,   Belgium/Luxembourg,2063.260029,3,4
1994,   Belgium/Luxembourg,2262.473036,3,5
1995,   Belgium/Luxembourg,2401.498025,3,6
1996,   Belgium/Luxembourg,2525.823622,3,7
1997,   Belgium/Luxembourg,2544.379319,3,8
1998,   Belgium/Luxembourg,3579.677916,3,9
1999,   Belgium/Luxembourg,0,3,10
2000,   Belgium/Luxembourg,0,3,11
2001,   Belgium/Luxembourg,0,3,12
2002,   Belgium/Luxembourg,0,3,13
2003,   Belgium/Luxembourg,0,3,14
2004,   Belgium/Luxembourg,0,3,15
2005,   Belgium/Luxembourg,0,3,16
2006,   Belgium/Luxembourg,0,3,17
2007,   Belgium/Luxembourg,0,3,18
2008,   Belgium/Luxembourg,0,3,19
2009,   Belgium/Luxembourg,0,3,20
2010,   Belgium/Luxembourg,0,3,21
2011,   Belgium/Luxembourg,0,3,22
2012,   Belgium/Luxembourg,0,3,23
2013,   Belgium/Luxembourg,0,3,24
2014,   Belgium/Luxembourg,0,3,25
2015,   Belgium/Luxembourg,0,3,26
2016,   Belgium/Luxembourg,0,3,27
2017,   Belgium/Luxembourg,0,3,28
2018,   Belgium/Luxembourg,0,3,29
2019,   Belgium/Luxembourg,0,3,30
1990,   Bulgaria,268.1829982,4,1
1991,   Bulgaria,200.2200014,4,2
1992,   Bulgaria,182.2310123,4,3
1993,   Bulgaria,397.4430059,4,4
1994,   Bulgaria,462.6680067,4,5
1995,   Bulgaria,515.418008,4,6
1996,   Bulgaria,272.1599948,4,7
1997,   Bulgaria,294.1540027,4,8
1998,   Bulgaria,342.1220043,4,9
1999,   Bulgaria,366.9190043,4,10
2000,   Bulgaria,280.7270156,4,11
2001,   Bulgaria,354.9049957,4,12
2002,   Bulgaria,343.4319971,4,13
2003,   Bulgaria,400.3609976,4,14
2004,   Bulgaria,366.8488919,4,15
2005,   Bulgaria,440.5141695,4,16
2006,   Bulgaria,434.5516861,4,17
2007,   Bulgaria,393.3613084,4,18
2008,   Bulgaria,517.2056848,4,19
2009,   Bulgaria,522.9957876,4,20
2010,   Bulgaria,528.3720815,4,21
2011,   Bulgaria,481.5102089,4,22
2012,   Bulgaria,559.8250658,4,23
2013,   Bulgaria,609.4866685,4,24
2014,   Bulgaria,620.7089657,4,25
2015,   Bulgaria,681.7565892,4,26
2016,   Bulgaria,779.1600127,4,27
2017,   Bulgaria,706.8825173,4,28
2018,   Bulgaria,737.2439834,4,29
2019,   Bulgaria,784.8967153,4,30
1990,   Croatia,0,5,1
1991,   Croatia,0,5,2
1992,   Croatia,168.1900054,5,3
1993,   Croatia,162.7740011,5,4
1994,   Croatia,193.4500023,5,5
1995,   Croatia,320.1320059,5,6
1996,   Croatia,321.8359979,5,7
1997,   Croatia,385.2970035,5,8
1998,   Croatia,339.0510012,5,9
1999,   Croatia,352.0830048,5,10
2000,   Croatia,344.3819963,5,11
2001,   Croatia,352.088997,5,12
2002,   Croatia,370.9149955,5,13
2003,   Croatia,392.5739971,5,14
2004,   Croatia,388.3918396,5,15
2005,   Croatia,391.5995398,5,16
2006,   Croatia,404.1215639,5,17
2007,   Croatia,413.7646766,5,18
2008,   Croatia,405.3261764,5,19
2009,   Croatia,394.0485164,5,20
2010,   Croatia,393.825469,5,21
2011,   Croatia,390.8739587,5,22
2012,   Croatia,384.4903604,5,23
2013,   Croatia,412.8494215,5,24
2014,   Croatia,419.6735498,5,25
2015,   Croatia,437.201445,5,26
2016,   Croatia,478.6666582,5,27
2017,   Croatia,439.0744122,5,28
2018,   Croatia,445.5136108,5,29
2019,   Croatia,466.4175265,5,30
1990,   Cyprus,49.853999,6,1
1991,   Cyprus,53.9259999,6,2
1992,   Cyprus,40.8759994,6,3
1993,   Cyprus,77.4120001,6,4
1994,   Cyprus,51.8360006,6,5
1995,   Cyprus,43.7689997,6,6
1996,   Cyprus,51.5019993,6,7
1997,   Cyprus,41.3409992,6,8
1998,   Cyprus,49.7789994,6,9
1999,   Cyprus,55.4585999,6,10
2000,   Cyprus,68.5379972,6,11
2001,   Cyprus,59.0464969,6,12
2002,   Cyprus,56.6288971,6,13
2003,   Cyprus,58.7975968,6,14
2004,   Cyprus,59.3537956,6,15
2005,   Cyprus,80.0981044,6,16
2006,   Cyprus,73.8042354,6,17
2007,   Cyprus,71.4217923,6,18
2008,   Cyprus,77.5144181,6,19
2009,   Cyprus,71.7398673,6,20
2010,   Cyprus,76.7284479,6,21
2011,   Cyprus,82.0787537,6,22
2012,   Cyprus,83.8774691,6,23
2013,   Cyprus,93.7661831,6,24
2014,   Cyprus,94.3881005,6,25
2015,   Cyprus,89.3048755,6,26
2016,   Cyprus,93.1533074,6,27
2017,   Cyprus,99.9338742,6,28
2018,   Cyprus,133.1795419,6,29
2019,   Cyprus,133.2248737,6,30
1990,   Czechia,659.433,7,1
1991,   Czechia,525.274,7,2
1992,   Czechia,474.7310027,7,3
1993,   Czechia,514.2770051,7,4
1994,   Czechia,553.7970031,7,5
1995,   Czechia,553.1969994,7,6
1996,   Czechia,525.2980024,7,7
1997,   Czechia,560.2250029,7,8
1998,   Czechia,764.8390017,7,9
1999,   Czechia,727.6767881,7,10
2000,   Czechia,808.9423769,7,11
2001,   Czechia,899.2526326,7,12
2002,   Czechia,887.8802292,7,13
2003,   Czechia,974.0662495,7,14
2004,   Czechia,928.8746985,7,15
2005,   Czechia,1063.413826,7,16
2006,   Czechia,940.4783432,7,17
2007,   Czechia,1037.078661,7,18
2008,   Czechia,1037.326757,7,19
2009,   Czechia,930.025889,7,20
2010,   Czechia,950.7219282,7,21
2011,   Czechia,952.3665949,7,22
2012,   Czechia,1126.622902,7,23
2013,   Czechia,1183.882242,7,24
2014,   Czechia,1822.690779,7,25
2015,   Czechia,2067.838569,7,26
2016,   Czechia,1779.351245,7,27
2017,   Czechia,1506.967219,7,28
2018,   Czechia,1903.158902,7,29
2019,   Czechia,1608.92147,7,30
1990,   Denmark,959.1050037,8,1
1991,   Denmark,982.7570044,8,2
1992,   Denmark,1061.623004,8,3
1993,   Denmark,993.9470002,8,4
1994,   Denmark,1033.184003,8,5
1995,   Denmark,877.1590019,8,6
1996,   Denmark,1005.9992,8,7
1997,   Denmark,949.0705001,8,8
1998,   Denmark,1013.723201,8,9
1999,   Denmark,1093.779302,8,10
2000,   Denmark,1021.798296,8,11
2001,   Denmark,1102.963595,8,12
2002,   Denmark,1075.800493,8,13
2003,   Denmark,1001.582191,8,14
2004,   Denmark,1119.450387,8,15
2005,   Denmark,993.3597532,8,16
2006,   Denmark,1004.162831,8,17
2007,   Denmark,995.1983116,8,18
2008,   Denmark,900.3654349,8,19
2009,   Denmark,859.8465934,8,20
2010,   Denmark,1014.640895,8,21
2011,   Denmark,908.8697406,8,22
2012,   Denmark,913.0989936,8,23
2013,   Denmark,921.1789153,8,24
2014,   Denmark,853.4238792,8,25
2015,   Denmark,840.7776365,8,26
2016,   Denmark,905.7896194,8,27
2017,   Denmark,852.1933331,8,28
2018,   Denmark,867.9505231,8,29
2019,   Denmark,907.935154,8,30
1990,   Estonia,0,9,1
1991,   Estonia,0,9,2
1992,   Estonia,16.3780004,9,3
1993,   Estonia,51.1479976,9,4
1994,   Estonia,83.0979984,9,5
1995,   Estonia,107.4780016,9,6
1996,   Estonia,116.9180065,9,7
1997,   Estonia,141.1149967,9,8
1998,   Estonia,134.6589964,9,9
1999,   Estonia,130.9134032,9,10
2000,   Estonia,105.3046037,9,11
2001,   Estonia,160.8885019,9,12
2002,   Estonia,119.7034255,9,13
2003,   Estonia,133.8062641,9,14
2004,   Estonia,175.7325059,9,15
2005,   Estonia,221.1360714,9,16
2006,   Estonia,254.4241989,9,17
2007,   Estonia,277.1065846,9,18
2008,   Estonia,334.3833741,9,19
2009,   Estonia,357.2725337,9,20
2010,   Estonia,262.8701871,9,21
2011,   Estonia,166.8557318,9,22
2012,   Estonia,157.2347896,9,23
2013,   Estonia,156.214012,9,24
2014,   Estonia,130.8537127,9,25
2015,   Estonia,126.2006378,9,26
2016,   Estonia,134.8026375,9,27
2017,   Estonia,133.1481382,9,28
2018,   Estonia,147.1377814,9,29
2019,   Estonia,147.848908,9,30
1990,   Finland,1095.140998,10,1
1991,   Finland,1033.066999,10,2
1992,   Finland,1055.361,10,3
1993,   Finland,1301.455999,10,4
1994,   Finland,1361.003002,10,5
1995,   Finland,769.4989997,10,6
1996,   Finland,992.2736017,10,7
1997,   Finland,1185.521302,10,8
1998,   Finland,1167.935302,10,9
1999,   Finland,1209.485,10,10
2000,   Finland,1063.111,10,11
2001,   Finland,1084.062837,10,12
2002,   Finland,1075.334898,10,13
2003,   Finland,1104.797299,10,14
2004,   Finland,1151.983199,10,15
2005,   Finland,1156.441194,10,16
2006,   Finland,1167.979474,10,17
2007,   Finland,1207.029304,10,18
2008,   Finland,1284.794553,10,19
2009,   Finland,1243.263833,10,20
2010,   Finland,1273.743443,10,21
2011,   Finland,1286.515065,10,22
2012,   Finland,1237.833041,10,23
2013,   Finland,1275.467965,10,24
2014,   Finland,1213.05538,10,25
2015,   Finland,1320.802279,10,26
2016,   Finland,1388.96628,10,27
2017,   Finland,1360.023736,10,28
2018,   Finland,1284.822821,10,29
2019,   Finland,1515.473931,10,30
1990,   France,6301.221035,11,1
1991,   France,6552.709041,11,2
1992,   France,6612.056041,11,3
1993,   France,6334.468044,11,4
1994,   France,6368.662042,11,5
1995,   France,6213.680045,11,6
1996,   France,6659.513448,11,7
1997,   France,6703.985251,11,8
1998,   France,6576.022652,11,9
1999,   France,6675.665652,11,10
2000,   France,6520.008579,11,11
2001,   France,6752.743668,11,12
2002,   France,6925.100267,11,13
2003,   France,6651.823961,11,14
2004,   France,5940.129457,11,15
2005,   France,5714.008576,11,16
2006,   France,6190.531621,11,17
2007,   France,6420.270465,11,18
2008,   France,6251.739124,11,19
2009,   France,6669.728205,11,20
2010,   France,6717.241889,11,21
2011,   France,6991.820108,11,22
2012,   France,6841.135557,11,23
2013,   France,6713.104855,11,24
2014,   France,7112.306134,11,25
2015,   France,6808.56664,11,26
2016,   France,6737.78271,11,27
2017,   France,6966.514663,11,28
2018,   France,7624.019021,11,29
2019,   France,7992.905036,11,30
1990,   Germany,13670.946,12,1
1991,   Germany,13228.851,12,2
1992,   Germany,13788.55401,12,3
1993,   Germany,14107.00301,12,4
1994,   Germany,13583.21501,12,5
1995,   Germany,12851.83501,12,6
1996,   Germany,13507.12891,12,7
1997,   Germany,13905.18472,12,8
1998,   Germany,13739.56841,12,9
1999,   Germany,14320.02702,12,10
2000,   Germany,13894.53952,12,11
2001,   Germany,14753.26592,12,12
2002,   Germany,15515.53731,12,13
2003,   Germany,15727.00252,12,14
2004,   Germany,17356.0713,12,15
2005,   Germany,16716.04875,12,16
2006,   Germany,18542.84327,12,17
2007,   Germany,19564.0533,12,18
2008,   Germany,19876.23732,12,19
2009,   Germany,19415.66547,12,20
2010,   Germany,20602.95579,12,21
2011,   Germany,20926.40458,12,22
2012,   Germany,21816.21201,12,23
2013,   Germany,21174.30691,12,24
2014,   Germany,22077.69366,12,25
2015,   Germany,21316.21172,12,26
2016,   Germany,22368.39078,12,27
2017,   Germany,21764.78386,12,28
2018,   Germany,22147.18143,12,29
2019,   Germany,22431.90543,12,30
1990,   Greece,641.9630004,13,1
1991,   Greece,407.0270007,13,2
1992,   Greece,348.9230017,13,3
1993,   Greece,374.593002,13,4
1994,   Greece,502.1280018,13,5
1995,   Greece,522.5950037,13,6
1996,   Greece,765.5065046,13,7
1997,   Greece,788.6210034,13,8
1998,   Greece,704.455603,13,9
1999,   Greece,732.9623054,13,10
2000,   Greece,798.3858564,13,11
2001,   Greece,867.6429518,13,12
2002,   Greece,897.4972501,13,13
2003,   Greece,997.9742325,13,14
2004,   Greece,941.794948,13,15
2005,   Greece,930.5928816,13,16
2006,   Greece,897.1270418,13,17
2007,   Greece,1080.886738,13,18
2008,   Greece,1056.036287,13,19
2009,   Greece,1046.017726,13,20
2010,   Greece,1061.327543,13,21
2011,   Greece,1154.525823,13,22
2012,   Greece,1243.663331,13,23
2013,   Greece,1269.093956,13,24
2014,   Greece,1233.605406,13,25
2015,   Greece,1209.964524,13,26
2016,   Greece,1583.737836,13,27
2017,   Greece,867.1193788,13,28
2018,   Greece,1160.023658,13,29
2019,   Greece,1246.27413,13,30
1990,   Hungary,573.974,14,1
1991,   Hungary,640.9870026,14,2
1992,   Hungary,522.2479992,14,3
1993,   Hungary,668.0559984,14,4
1994,   Hungary,771.2219983,14,5
1995,   Hungary,519.5049966,14,6
1996,   Hungary,602.9059997,14,7
1997,   Hungary,674.9599991,14,8
1998,   Hungary,715.5939943,14,9
1999,   Hungary,762.0653045,14,10
2000,   Hungary,790.2066673,14,11
2001,   Hungary,833.2209675,14,12
2002,   Hungary,827.5068668,14,13
2003,   Hungary,863.7699913,14,14
2004,   Hungary,977.4179388,14,15
2005,   Hungary,851.7228942,14,16
2006,   Hungary,900.5479963,14,17
2007,   Hungary,893.5887951,14,18
2008,   Hungary,810.7674443,14,19
2009,   Hungary,703.9380789,14,20
2010,   Hungary,726.8896947,14,21
2011,   Hungary,639.6242626,14,22
2012,   Hungary,747.9277087,14,23
2013,   Hungary,557.3970482,14,24
2014,   Hungary,833.4492506,14,25
2015,   Hungary,714.2093939,14,26
2016,   Hungary,725.4383182,14,27
2017,   Hungary,721.5608351,14,28
2018,   Hungary,779.2133677,14,29
2019,   Hungary,772.9696635,14,30
1990,   Ireland,129.4770008,15,1
1991,   Ireland,118.2670007,15,2
1992,   Ireland,94.5680001,15,3
1993,   Ireland,110.5420007,15,4
1994,   Ireland,130.5400011,15,5
1995,   Ireland,114.6070016,15,6
1996,   Ireland,98.1580015,15,7
1997,   Ireland,106.2836012,15,8
1998,   Ireland,101.9779012,15,9
1999,   Ireland,142.0334995,15,10
2000,   Ireland,154.6881905,15,11
2001,   Ireland,180.1510872,15,12
2002,   Ireland,176.6015888,15,13
2003,   Ireland,226.7229865,15,14
2004,   Ireland,263.6446817,15,15
2005,   Ireland,251.2797772,15,16
2006,   Ireland,252.243941,15,17
2007,   Ireland,266.460501,15,18
2008,   Ireland,127.4225179,15,19
2009,   Ireland,142.0139971,15,20
2010,   Ireland,164.7366941,15,21
2011,   Ireland,210.4429221,15,22
2012,   Ireland,252.0045146,15,23
2013,   Ireland,232.744596,15,24
2014,   Ireland,291.8597102,15,25
2015,   Ireland,356.5710867,15,26
2016,   Ireland,402.6304702,15,27
2017,   Ireland,426.9155363,15,28
2018,   Ireland,439.6141118,15,29
2019,   Ireland,438.2803679,15,30
1990,   Italy,5241.831,16,1
1991,   Italy,4630.023,16,2
1992,   Italy,4594.727,16,3
1993,   Italy,5593.705001,16,4
1994,   Italy,5553.766003,16,5
1995,   Italy,5387.861005,16,6
1996,   Italy,5607.987207,16,7
1997,   Italy,5742.631909,16,8
1998,   Italy,5889.39351,16,9
1999,   Italy,5943.087511,16,10
2000,   Italy,6314.874691,16,11
2001,   Italy,6541.731291,16,12
2002,   Italy,6523.414589,16,13
2003,   Italy,6929.190291,16,14
2004,   Italy,7031.930988,16,15
2005,   Italy,7268.612758,16,16
2006,   Italy,7547.525972,16,17
2007,   Italy,8028.463462,16,18
2008,   Italy,8172.104105,16,19
2009,   Italy,8078.168568,16,20
2010,   Italy,8235.962171,16,21
2011,   Italy,8355.342574,16,22
2012,   Italy,8690.869716,16,23
2013,   Italy,8822.5449,16,24
2014,   Italy,9349.822423,16,25
2015,   Italy,9328.193272,16,26
2016,   Italy,10224.18883,16,27
2017,   Italy,10020.27332,16,28
2018,   Italy,10639.35462,16,29
2019,   Italy,10913.75722,16,30
1990,   Latvia,0,17,1
1991,   Latvia,0,17,2
1992,   Latvia,20.2589989,17,3
1993,   Latvia,59.7739984,17,4
1994,   Latvia,22.5559992,17,5
1995,   Latvia,29.5221127,17,6
1996,   Latvia,65.7523067,17,7
1997,   Latvia,143.6437529,17,8
1998,   Latvia,158.9554603,17,9
1999,   Latvia,183.1094766,17,10
2000,   Latvia,181.0516991,17,11
2001,   Latvia,156.2200386,17,12
2002,   Latvia,163.8818153,17,13
2003,   Latvia,185.9201579,17,14
2004,   Latvia,187.7697103,17,15
2005,   Latvia,191.0852159,17,16
2006,   Latvia,220.5149361,17,17
2007,   Latvia,150.6349888,17,18
2008,   Latvia,154.2490378,17,19
2009,   Latvia,131.9782402,17,20
2010,   Latvia,137.6645663,17,21
2011,   Latvia,141.2808683,17,22
2012,   Latvia,156.9856449,17,23
2013,   Latvia,161.2889113,17,24
2014,   Latvia,213.3881125,17,25
2015,   Latvia,201.5931207,17,26
2016,   Latvia,231.2908269,17,27
2017,   Latvia,228.9203402,17,28
2018,   Latvia,242.7429785,17,29
2019,   Latvia,234.9406901,17,30
1990,   Lithuania,0,18,1
1991,   Lithuania,0,18,2
1992,   Lithuania,1.8630004,18,3
1993,   Lithuania,9.100001,18,4
1994,   Lithuania,46.726994,18,5
1995,   Lithuania,112.9476799,18,6
1996,   Lithuania,149.5614977,18,7
1997,   Lithuania,187.1143479,18,8
1998,   Lithuania,185.1496673,18,9
1999,   Lithuania,206.2732062,18,10
2000,   Lithuania,212.6624974,18,11
2001,   Lithuania,267.0888845,18,12
2002,   Lithuania,262.8815834,18,13
2003,   Lithuania,220.6585037,18,14
2004,   Lithuania,256.3850971,18,15
2005,   Lithuania,283.766579,18,16
2006,   Lithuania,316.6480403,18,17
2007,   Lithuania,335.5472118,18,18
2008,   Lithuania,390.4983777,18,19
2009,   Lithuania,410.9345791,18,20
2010,   Lithuania,376.0536971,18,21
2011,   Lithuania,288.8753765,18,22
2012,   Lithuania,336.6761214,18,23
2013,   Lithuania,362.1864369,18,24
2014,   Lithuania,396.4783766,18,25
2015,   Lithuania,427.7571993,18,26
2016,   Lithuania,499.2703906,18,27
2017,   Lithuania,432.4523425,18,28
2018,   Lithuania,441.4662257,18,29
2019,   Lithuania,473.6308935,18,30
1990,   Luxembourg,0,19,1
1991,   Luxembourg,0,19,2
1992,   Luxembourg,0,19,3
1993,   Luxembourg,0,19,4
1994,   Luxembourg,0,19,5
1995,   Luxembourg,0,19,6
1996,   Luxembourg,0,19,7
1997,   Luxembourg,0,19,8
1998,   Luxembourg,0,19,9
1999,   Luxembourg,145.0452036,19,10
2000,   Luxembourg,231.7700387,19,11
2001,   Luxembourg,209.7060786,19,12
2002,   Luxembourg,252.7095085,19,13
2003,   Luxembourg,288.762576,19,14
2004,   Luxembourg,315.8023149,19,15
2005,   Luxembourg,330.7952253,19,16
2006,   Luxembourg,335.5344162,19,17
2007,   Luxembourg,359.567489,19,18
2008,   Luxembourg,351.4133229,19,19
2009,   Luxembourg,329.9509344,19,20
2010,   Luxembourg,348.8748621,19,21
2011,   Luxembourg,325.5287339,19,22
2012,   Luxembourg,322.7530169,19,23
2013,   Luxembourg,378.1732517,19,24
2014,   Luxembourg,413.0426555,19,25
2015,   Luxembourg,376.2258486,19,26
2016,   Luxembourg,394.3287395,19,27
2017,   Luxembourg,379.9285554,19,28
2018,   Luxembourg,433.3236938,19,29
2019,   Luxembourg,402.2667298,19,30
1990,   Malta,20.7139989,20,1
1991,   Malta,16.0740031,20,2
1992,   Malta,17.8580006,20,3
1993,   Malta,22.6130018,20,4
1994,   Malta,13.2119992,20,5
1995,   Malta,22.6474855,20,6
1996,   Malta,9.2316602,20,7
1997,   Malta,9.4585531,20,8
1998,   Malta,10.1044031,20,9
1999,   Malta,8.9042352,20,10
2000,   Malta,9.2018914,20,11
2001,   Malta,9.3984609,20,12
2002,   Malta,9.5642993,20,13
2003,   Malta,10.6619765,20,14
2004,   Malta,15.60263,20,15
2005,   Malta,16.3020906,20,16
2006,   Malta,28.8739154,20,17
2007,   Malta,15.9168353,20,18
2008,   Malta,23.0189032,20,19
2009,   Malta,14.217842,20,20
2010,   Malta,12.176685,20,21
2011,   Malta,16.9565037,20,22
2012,   Malta,21.2989369,20,23
2013,   Malta,21.8973088,20,24
2014,   Malta,24.6340662,20,25
2015,   Malta,16.3133795,20,26
2016,   Malta,18.5323229,20,27
2017,   Malta,16.754442,20,28
2018,   Malta,19.3776287,20,29
2019,   Malta,23.3711797,20,30
1990,   Netherlands,3128.150018,21,1
1991,   Netherlands,3120.774019,21,2
1992,   Netherlands,3204.95202,21,3
1993,   Netherlands,2803.72901,21,4
1994,   Netherlands,2799.881022,21,5
1995,   Netherlands,2910.366023,21,6
1996,   Netherlands,3083.957321,21,7
1997,   Netherlands,2923.772828,21,8
1998,   Netherlands,2862.048324,21,9
1999,   Netherlands,2565.504322,21,10
2000,   Netherlands,2965.800776,21,11
2001,   Netherlands,2793.683874,21,12
2002,   Netherlands,2760.001665,21,13
2003,   Netherlands,3175.538856,21,14
2004,   Netherlands,3159.026952,21,15
2005,   Netherlands,2988.015066,21,16
2006,   Netherlands,3292.805249,21,17
2007,   Netherlands,3531.019416,21,18
2008,   Netherlands,2304.443468,21,19
2009,   Netherlands,2502.132848,21,20
2010,   Netherlands,2582.660765,21,21
2011,   Netherlands,2678.334327,21,22
2012,   Netherlands,2729.760788,21,23
2013,   Netherlands,3406.794908,21,24
2014,   Netherlands,4016.022282,21,25
2015,   Netherlands,4176.235826,21,26
2016,   Netherlands,4781.450177,21,27
2017,   Netherlands,5067.74054,21,28
2018,   Netherlands,5520.437554,21,29
2019,   Netherlands,5354.023003,21,30
1990,   Poland,435.0650014,22,1
1991,   Poland,249.8710028,22,2
1992,   Poland,1787.057029,22,3
1993,   Poland,1670.497511,22,4
1994,   Poland,1842.641218,22,5
1995,   Poland,1770.709109,22,6
1996,   Poland,1924.074059,22,7
1997,   Poland,2253.082066,22,8
1998,   Poland,2292.960514,22,9
1999,   Poland,2403.634921,22,10
2000,   Poland,2576.376764,22,11
2001,   Poland,2719.393991,22,12
2002,   Poland,2643.49622,22,13
2003,   Poland,2664.344788,22,14
2004,   Poland,2686.81612,22,15
2005,   Poland,2791.504395,22,16
2006,   Poland,2653.660453,22,17
2007,   Poland,2263.669777,22,18
2008,   Poland,2460.344751,22,19
2009,   Poland,3161.536735,22,20
2010,   Poland,3278.914098,22,21
2011,   Poland,3403.819311,22,22
2012,   Poland,3542.745725,22,23
2013,   Poland,3284.382631,22,24
2014,   Poland,3229.207779,22,25
2015,   Poland,3665.612068,22,26
2016,   Poland,3827.168954,22,27
2017,   Poland,3999.318599,22,28
2018,   Poland,4325.062331,22,29
2019,   Poland,4452.456931,22,30
1990,   Portugal,551.5890006,23,1
1991,   Portugal,557.4690006,23,2
1992,   Portugal,591.1740014,23,3
1993,   Portugal,666.4470031,23,4
1994,   Portugal,663.8620028,23,5
1995,   Portugal,633.1680027,23,6
1996,   Portugal,742.9592039,23,7
1997,   Portugal,727.2904035,23,8
1998,   Portugal,761.5868043,23,9
1999,   Portugal,816.947305,23,10
2000,   Portugal,811.4328957,23,11
2001,   Portugal,843.3808957,23,12
2002,   Portugal,838.0986973,23,13
2003,   Portugal,833.9013876,23,14
2004,   Portugal,838.3407515,23,15
2005,   Portugal,831.216247,23,16
2006,   Portugal,861.681076,23,17
2007,   Portugal,911.2966055,23,18
2008,   Portugal,885.0714718,23,19
2009,   Portugal,886.7256047,23,20
2010,   Portugal,1010.44204,23,21
2011,   Portugal,1057.733955,23,22
2012,   Portugal,1075.842247,23,23
2013,   Portugal,1062.681612,23,24
2014,   Portugal,1059.749497,23,25
2015,   Portugal,1043.856962,23,26
2016,   Portugal,1128.481418,23,27
2017,   Portugal,1093.954625,23,28
2018,   Portugal,1140.202501,23,29
2019,   Portugal,1219.764763,23,30
1990,   Romania,441.5340034,24,1
1991,   Romania,335.4500121,24,2
1992,   Romania,603.2080224,24,3
1993,   Romania,425.3500156,24,4
1994,   Romania,347.4469961,24,5
1995,   Romania,551.3430059,24,6
1996,   Romania,696.558,24,7
1997,   Romania,630.977005,24,8
1998,   Romania,595.3020037,24,9
1999,   Romania,511.423008,24,10
2000,   Romania,551.5569948,24,11
2001,   Romania,633.171995,24,12
2002,   Romania,738.2578924,24,13
2003,   Romania,755.3403496,24,14
2004,   Romania,828.316139,24,15
2005,   Romania,874.3634689,24,16
2006,   Romania,854.2594041,24,17
2007,   Romania,839.7552358,24,18
2008,   Romania,826.1034899,24,19
2009,   Romania,811.4623014,24,20
2010,   Romania,838.8552395,24,21
2011,   Romania,844.1848875,24,22
2012,   Romania,902.8725244,24,23
2013,   Romania,971.4770729,24,24
2014,   Romania,958.4832475,24,25
2015,   Romania,1011.643221,24,26
2016,   Romania,1133.698883,24,27
2017,   Romania,1154.573341,24,28
2018,   Romania,1174.142832,24,29
2019,   Romania,1165.061278,24,30
1990,   Slovakia,0,25,1
1991,   Slovakia,0,25,2
1992,   Slovakia,0,25,3
1993,   Slovakia,288.4769937,25,4
1994,   Slovakia,256.6931383,25,5
1995,   Slovakia,250.086974,25,6
1996,   Slovakia,260.5458129,25,7
1997,   Slovakia,252.8846355,25,8
1998,   Slovakia,258.9295347,25,9
1999,   Slovakia,268.9757881,25,10
2000,   Slovakia,285.9653534,25,11
2001,   Slovakia,317.0047673,25,12
2002,   Slovakia,300.008801,25,13
2003,   Slovakia,302.836118,25,14
2004,   Slovakia,298.0047839,25,15
2005,   Slovakia,307.6241833,25,16
2006,   Slovakia,347.1733412,25,17
2007,   Slovakia,508.2651246,25,18
2008,   Slovakia,610.5763029,25,19
2009,   Slovakia,458.3967628,25,20
2010,   Slovakia,654.8483112,25,21
2011,   Slovakia,777.2147213,25,22
2012,   Slovakia,771.6301858,25,23
2013,   Slovakia,798.425339,25,24
2014,   Slovakia,918.8925842,25,25
2015,   Slovakia,910.3847558,25,26
2016,   Slovakia,906.1834351,25,27
2017,   Slovakia,723.0503587,25,28
2018,   Slovakia,889.5169401,25,29
2019,   Slovakia,773.4997431,25,30
1990,   Slovenia,0,26,1
1991,   Slovenia,0,26,2
1992,   Slovenia,122.8749995,26,3
1993,   Slovenia,152.2179984,26,4
1994,   Slovenia,159.1390023,26,5
1995,   Slovenia,147.6190005,26,6
1996,   Slovenia,174.6336196,26,7
1997,   Slovenia,170.6471772,26,8
1998,   Slovenia,174.3027642,26,9
1999,   Slovenia,181.5247271,26,10
2000,   Slovenia,186.7730369,26,11
2001,   Slovenia,194.1829787,26,12
2002,   Slovenia,200.8092839,26,13
2003,   Slovenia,177.060697,26,14
2004,   Slovenia,196.1821037,26,15
2005,   Slovenia,190.8816912,26,16
2006,   Slovenia,186.6595548,26,17
2007,   Slovenia,204.5546386,26,18
2008,   Slovenia,205.0569858,26,19
2009,   Slovenia,210.2408723,26,20
2010,   Slovenia,217.5864811,26,21
2011,   Slovenia,222.9886267,26,22
2012,   Slovenia,220.8954987,26,23
2013,   Slovenia,257.9152003,26,24
2014,   Slovenia,268.9250769,26,25
2015,   Slovenia,271.7857211,26,26
2016,   Slovenia,322.870291,26,27
2017,   Slovenia,401.4388073,26,28
2018,   Slovenia,549.6602152,26,29
2019,   Slovenia,619.5004358,26,30
1990,   Spain,3053.251001,27,1
1991,   Spain,2969.543,27,2
1992,   Spain,3414.290003,27,3
1993,   Spain,2813.088,27,4
1994,   Spain,3028.425,27,5
1995,   Spain,3145.866003,27,6
1996,   Spain,3515.277508,27,7
1997,   Spain,3776.560607,27,8
1998,   Spain,3717.653605,27,9
1999,   Spain,3986.023909,27,10
2000,   Spain,3768.201787,27,11
2001,   Spain,4057.629182,27,12
2002,   Spain,4026.115777,27,13
2003,   Spain,4135.617281,27,14
2004,   Spain,4173.474075,27,15
2005,   Spain,4356.082032,27,16
2006,   Spain,4538.359771,27,17
2007,   Spain,4874.748572,27,18
2008,   Spain,4863.767761,27,19
2009,   Spain,4811.284416,27,20
2010,   Spain,5034.403072,27,21
2011,   Spain,4820.907712,27,22
2012,   Spain,5094.02007,27,23
2013,   Spain,5136.943264,27,24
2014,   Spain,5405.557639,27,25
2015,   Spain,5428.56517,27,26
2016,   Spain,5660.146938,27,27
2017,   Spain,5414.229253,27,28
2018,   Spain,5673.000674,27,29
2019,   Spain,5983.51085,27,30
1990,   Sweden,1766.674003,28,1
1991,   Sweden,1717.087,28,2
1992,   Sweden,1771.725002,28,3
1993,   Sweden,1756.601007,28,4
1994,   Sweden,1893.292008,28,5
1995,   Sweden,1420.441999,28,6
1996,   Sweden,1522.379299,28,7
1997,   Sweden,1472.8415,28,8
1998,   Sweden,1439.636799,28,9
1999,   Sweden,1455.676699,28,10
2000,   Sweden,1344.167892,28,11
2001,   Sweden,1432.180393,28,12
2002,   Sweden,1463.308613,28,13
2003,   Sweden,1434.926893,28,14
2004,   Sweden,1495.226597,28,15
2005,   Sweden,1693.002865,28,16
2006,   Sweden,1820.482168,28,17
2007,   Sweden,1769.668476,28,18
2008,   Sweden,1804.126365,28,19
2009,   Sweden,1658.654318,28,20
2010,   Sweden,1726.679836,28,21
2011,   Sweden,1646.72617,28,22
2012,   Sweden,1679.734595,28,23
2013,   Sweden,1709.389099,28,24
2014,   Sweden,2198.463063,28,25
2015,   Sweden,2120.551337,28,26
2016,   Sweden,2349.869496,28,27
2017,   Sweden,2306.332163,28,28
2018,   Sweden,2262.214124,28,29
2019,   Sweden,2347.79682,28,30
1990,Japan,5329.750004,29,1
1991,Japan,5510.469001,29,2
1992,Japan,5325.615998,29,3
1993,Japan,5691.120004,29,4
1994,Japan,6217.151005,29,5
1995,Japan,5489.087004,29,6
1996,Japan,5994.113004,29,7
1997,Japan,5921.415001,29,8
1998,Japan,6026.965002,29,9
1999,Japan,6547.484999,29,10
2000,Japan,6908.008906,29,11
2001,Japan,6996.197929,29,12
2002,Japan,7307.456931,29,13
2003,Japan,6922.572932,29,14
2004,Japan,7253.914939,29,15
2005,Japan,7407.833994,29,16
2006,Japan,7631.552067,29,17
2007,Japan,7086.223924,29,18
2008,Japan,7060.032406,29,19
2009,Japan,7089.701757,29,20
2010,Japan,7407.080326,29,21
2011,Japan,7543.855892,29,22
2012,Japan,7024.85994,29,23
2013,Japan,8381.262867,29,24
2014,Japan,7656.98299,29,25
2015,Japan,8063.398022,29,26
2016,Japan,8026.154485,29,27
2017,Japan,7646.636781,29,28
2018,Japan,7539.981823,29,29
2019,Japan,8039.677993,29,30
1990,Norway,742.0400021,30,1
1991,Norway,761.2149993,30,2
1992,Norway,739.1450011,30,3
1993,Norway,692.8290015,30,4
1994,Norway,805.6280003,30,5
1995,Norway,662.0980007,30,6
1996,Norway,719.8916018,30,7
1997,Norway,683.8884018,30,8
1998,Norway,706.8768005,30,9
1999,Norway,789.9776023,30,10
2000,Norway,662.237694,30,11
2001,Norway,716.2465941,30,12
2002,Norway,697.9739946,30,13
2003,Norway,690.6792804,30,14
2004,Norway,716.106549,30,15
2005,Norway,753.0594269,30,16
2006,Norway,731.1092265,30,17
2007,Norway,779.8934161,30,18
2008,Norway,721.8867359,30,19
2009,Norway,724.4068942,30,20
2010,Norway,759.353092,30,21
2011,Norway,794.9170203,30,22
2012,Norway,735.4431612,30,23
2013,Norway,781.4842885,30,24
2014,Norway,743.1754294,30,25
2015,Norway,799.7403054,30,26
2016,Norway,799.1477071,30,27
2017,Norway,800.8572992,30,28
2018,Norway,743.340422,30,29
2019,Norway,785.890388,30,30
1990,Russian Federation,0,31,1
1991,Russian Federation,0,31,2
1992,Russian Federation,1381.858008,31,3
1993,Russian Federation,1794.946013,31,4
1994,Russian Federation,1725.730019,31,5
1995,Russian Federation,1728.144014,31,6
1996,Russian Federation,1127.972007,31,7
1997,Russian Federation,2185.288451,31,8
1998,Russian Federation,1731.917618,31,9
1999,Russian Federation,1368.077167,31,10
2000,Russian Federation,1890.452907,31,11
2001,Russian Federation,3056.870014,31,12
2002,Russian Federation,3504.015215,31,13
2003,Russian Federation,3772.287546,31,14
2004,Russian Federation,3205.391451,31,15
2005,Russian Federation,3335.803479,31,16
2006,Russian Federation,3465.140201,31,17
2007,Russian Federation,4317.898997,31,18
2008,Russian Federation,4053.18973,31,19
2009,Russian Federation,3553.16129,31,20
2010,Russian Federation,4155.256924,31,21
2011,Russian Federation,4217.682792,31,22
2012,Russian Federation,4174.744623,31,23
2013,Russian Federation,4410.193461,31,24
2014,Russian Federation,4746.949627,31,25
2015,Russian Federation,4710.038146,31,26
2016,Russian Federation,5232.881169,31,27
2017,Russian Federation,5467.782682,31,28
2018,Russian Federation,5287.541562,31,29
2019,Russian Federation,5916.632578,31,30
1990,Switzerland,1170.508002,32,1
1991,Switzerland,1130.292002,32,2
1992,Switzerland,1101.251002,32,3
1993,Switzerland,1059.878001,32,4
1994,Switzerland,1099.406002,32,5
1995,Switzerland,1016.829001,32,6
1996,Switzerland,1111.627001,32,7
1997,Switzerland,970.7720002,32,8
1998,Switzerland,1111.835002,32,9
1999,Switzerland,1138.926001,32,10
2000,Switzerland,1171.482997,32,11
2001,Switzerland,1254.537679,32,12
2002,Switzerland,1216.744837,32,13
2003,Switzerland,1321.869895,32,14
2004,Switzerland,1236.295494,32,15
2005,Switzerland,1641.049328,32,16
2006,Switzerland,1502.620282,32,17
2007,Switzerland,1823.108405,32,18
2008,Switzerland,1977.688133,32,19
2009,Switzerland,2101.000428,32,20
2010,Switzerland,2317.60603,32,21
2011,Switzerland,2497.914144,32,22
2012,Switzerland,2477.957193,32,23
2013,Switzerland,2666.7507,32,24
2014,Switzerland,2643.106314,32,25
2015,Switzerland,2747.858508,32,26
2016,Switzerland,2816.026086,32,27
2017,Switzerland,2903.618083,32,28
2018,Switzerland,3086.018913,32,29
2019,Switzerland,3228.382979,32,30
1990,Tunisia,100.999998,33,1
1991,Tunisia,90.2010012,33,2
1992,Tunisia,110.5830012,33,3
1993,Tunisia,100.6240008,33,4
1994,Tunisia,137.2670004,33,5
1995,Tunisia,136.7830008,33,6
1996,Tunisia,143.6500008,33,7
1997,Tunisia,164.6170008,33,8
1998,Tunisia,147.417,33,9
1999,Tunisia,185.7474234,33,10
2000,Tunisia,192.4495529,33,11
2001,Tunisia,232.9997304,33,12
2002,Tunisia,235.5659343,33,13
2003,Tunisia,123.1478844,33,14
2004,Tunisia,263.9106944,33,15
2005,Tunisia,189.9735264,33,16
2006,Tunisia,209.4635923,33,17
2007,Tunisia,253.4181323,33,18
2008,Tunisia,317.612091,33,19
2009,Tunisia,288.7988684,33,20
2010,Tunisia,304.0903304,33,21
2011,Tunisia,428.7820528,33,22
2012,Tunisia,438.9237008,33,23
2013,Tunisia,438.9672683,33,24
2014,Tunisia,460.0278903,33,25
2015,Tunisia,458.7069518,33,26
2016,Tunisia,465.5530213,33,27
2017,Tunisia,546.1558124,33,28
2018,Tunisia,532.966563,33,29
2019,Tunisia,508.332,33,30
1990,United Kingdom,2898.298008,34,1
1991,United Kingdom,2805.914005,34,2
1992,United Kingdom,3088.172009,34,3
1993,United Kingdom,3196.981011,34,4
1994,United Kingdom,3465.860013,34,5
1995,United Kingdom,2806.723015,34,6
1996,United Kingdom,2903.453114,34,7
1997,United Kingdom,2929.338015,34,8
1998,United Kingdom,3142.408017,34,9
1999,United Kingdom,2907.255011,34,10
2000,United Kingdom,3012.400824,34,11
2001,United Kingdom,3061.827384,34,12
2002,United Kingdom,2971.318204,34,13
2003,United Kingdom,3002.01823,34,14
2004,United Kingdom,3328.680385,34,15
2005,United Kingdom,3433.304189,34,16
2006,United Kingdom,4045.788635,34,17
2007,United Kingdom,3780.54812,34,18
2008,United Kingdom,3967.45769,34,19
2009,United Kingdom,4130.907627,34,20
2010,United Kingdom,4301.908141,34,21
2011,United Kingdom,4183.22988,34,22
2012,United Kingdom,4126.053681,34,23
2013,United Kingdom,4206.090925,34,24
2014,United Kingdom,4318.695591,34,25
2015,United Kingdom,4895.407288,34,26
2016,United Kingdom,5052.293459,34,27
2017,United Kingdom,4989.037899,34,28
2018,United Kingdom,5687.859741,34,29
2019,United Kingdom,5554.363879,34,30
1990,United States of America,21006.78601,35,1
1991,United States of America,19839.63001,35,2
1992,United States of America,22939.03301,35,3
1993,United States of America,19328.72101,35,4
1994,United States of America,16171.24502,35,5
1995,United States of America,17106.85701,35,6
1996,United States of America,19444.53312,35,7
1997,United States of America,20342.74582,35,8
1998,United States of America,21030.40113,35,9
1999,United States of America,22746.43234,35,10
2000,United States of America,23766.83936,35,11
2001,United States of America,21415.14115,35,12
2002,United States of America,21638.91404,35,13
2003,United States of America,22760.1962,35,14
2004,United States of America,23183.95353,35,15
2005,United States of America,23041.51586,35,16
2006,United States of America,23708.76228,35,17
2007,United States of America,24219.28164,35,18
2008,United States of America,24277.00434,35,19
2009,United States of America,23578.06495,35,20
2010,United States of America,24378.01304,35,21
2011,United States of America,26093.39476,35,22
2012,United States of America,26056.16257,35,23
2013,United States of America,27015.54016,35,24
2014,United States of America,27565.49762,35,25
2015,United States of America,27707.6637,35,26
2016,United States of America,28837.83784,35,27
2017,United States of America,29487.88646,35,28
2018,United States of America,28918.20706,35,29
2019,United States of America,30854.07265,35,30
